sample_id,variant,gene,condition,affected_status,ancestry
C001,chr7:117559593:T:G,CFTR,cystic_fibrosis,yes,EUR
C002,chr7:117559593:T:G,CFTR,cystic_fibrosis,yes,EUR
C003,chr7:117559593:T:G,CFTR,cystic_fibrosis,yes,EUR
C004,chr7:117559593:T:G,CFTR,cystic_fibrosis,yes,EUR
C005,chr7:117559593:T:G,CFTR,cystic_fibrosis,yes,AFR
C006,chr7:117120062:A:G,CFTR,cystic_fibrosis,no,EUR
C007,chr7:117120062:A:G,CFTR,cystic_fibrosis,no,EUR
C008,chr7:117120062:A:G,CFTR,cystic_fibrosis,no,AFR
C009,chr17:43071077:A:G,BRCA1,breast_cancer,yes,EUR
C010,chr17:43071077:A:G,BRCA1,breast_cancer,yes,EUR
C011,chr17:43071077:A:G,BRCA1,breast_cancer,yes,EUR
C012,chr17:43071077:A:G,BRCA1,breast_cancer,yes,EUR
C013,chr17:43071077:A:G,BRCA1,breast_cancer,yes,EUR
C014,chr17:43044349:T:A,BRCA1,breast_cancer,no,EUR
C015,chr17:43044349:T:A,BRCA1,breast_cancer,no,EUR
C016,chr13:32339657:A:AT,BRCA2,breast_cancer,yes,EUR
C017,chr13:32339657:A:AT,BRCA2,breast_cancer,yes,EUR
C018,chr13:32339657:A:AT,BRCA2,breast_cancer,yes,AFR
C019,chr13:32339657:A:AT,BRCA2,breast_cancer,yes,EUR
C020,chr13:32972626:T:C,BRCA2,breast_cancer,no,EUR
C021,chr13:32972626:T:C,BRCA2,breast_cancer,no,AFR
C022,chr7:117559593:T:G,CFTR,cystic_fibrosis,yes,EUR
C023,chr7:117559593:T:G,CFTR,cystic_fibrosis,yes,EAS
C024,chr7:117559593:T:G,CFTR,cystic_fibrosis,yes,EUR
C025,chr7:117559593:T:G,CFTR,cystic_fibrosis,yes,EUR
C026,chr17:43071077:A:G,BRCA1,breast_cancer,yes,AFR
C027,chr17:43071077:A:G,BRCA1,breast_cancer,yes,EUR
C028,chr17:43071077:A:G,BRCA1,breast_cancer,yes,EUR
C029,chr17:43071077:A:G,BRCA1,breast_cancer,yes,SAS
C030,chr13:32339657:A:AT,BRCA2,breast_cancer,yes,EUR
C031,chr13:32339657:A:AT,BRCA2,breast_cancer,yes,EUR
C032,chr13:32339657:A:AT,BRCA2,breast_cancer,yes,EUR
C033,chr17:43071077:A:G,BRCA1,ovarian_cancer,yes,EUR
C034,chr17:43071077:A:G,BRCA1,ovarian_cancer,yes,EUR
C035,chr17:43071077:A:G,BRCA1,ovarian_cancer,yes,AFR
C036,chr13:32339657:A:AT,BRCA2,ovarian_cancer,yes,EUR
C037,chr13:32339657:A:AT,BRCA2,ovarian_cancer,yes,EUR
C038,chr7:117559593:T:G,CFTR,cystic_fibrosis,yes,EUR
C039,chr7:117559593:T:G,CFTR,cystic_fibrosis,yes,EUR
C040,chr7:117559593:T:G,CFTR,cystic_fibrosis,yes,AFR
C041,chr7:117559593:T:G,CFTR,cystic_fibrosis,yes,EUR
C042,chr7:117559593:T:G,CFTR,cystic_fibrosis,yes,EUR
C043,chr7:117559593:T:G,CFTR,cystic_fibrosis,yes,EUR
C044,chr7:117559593:T:G,CFTR,cystic_fibrosis,yes,SAS
C045,chr17:43071077:A:G,BRCA1,breast_cancer,yes,EUR
C046,chr17:43071077:A:G,BRCA1,breast_cancer,yes,EUR
C047,chr17:43071077:A:G,BRCA1,breast_cancer,yes,EUR
C048,chr17:43071077:A:G,BRCA1,breast_cancer,yes,EAS
C049,chr13:32339657:A:AT,BRCA2,breast_cancer,yes,EUR
C050,chr13:32339657:A:AT,BRCA2,breast_cancer,yes,AFR
C051,chr7:117559593:T:G,CFTR,cystic_fibrosis,yes,EUR
C052,chr7:117559593:T:G,CFTR,cystic_fibrosis,yes,EUR
C053,chr7:117559593:T:G,CFTR,cystic_fibrosis,yes,EUR
C054,chr7:117559593:T:G,CFTR,cystic_fibrosis,yes,AFR
C055,chr7:117559593:T:G,CFTR,cystic_fibrosis,yes,EUR
C056,chr17:43071077:A:G,BRCA1,breast_cancer,yes,EUR
C057,chr17:43071077:A:G,BRCA1,breast_cancer,yes,EUR
C058,chr17:43071077:A:G,BRCA1,breast_cancer,yes,AFR
C059,chr17:43071077:A:G,BRCA1,breast_cancer,yes,EUR
C060,chr13:32339657:A:AT,BRCA2,breast_cancer,yes,EUR
C061,chr13:32339657:A:AT,BRCA2,breast_cancer,yes,EUR
C062,chr13:32339657:A:AT,BRCA2,breast_cancer,yes,SAS
C063,chr13:32339657:A:AT,BRCA2,breast_cancer,yes,EUR
C064,chr13:32339657:A:AT,BRCA2,breast_cancer,yes,AFR
C065,chr7:117559593:T:G,CFTR,cystic_fibrosis,yes,EUR
C066,chr7:117559593:T:G,CFTR,cystic_fibrosis,yes,EUR
C067,chr7:117559593:T:G,CFTR,cystic_fibrosis,yes,EUR
C068,chr7:117559593:T:G,CFTR,cystic_fibrosis,yes,EAS
C069,chr17:43071077:A:G,BRCA1,breast_cancer,yes,EUR
C070,chr17:43071077:A:G,BRCA1,breast_cancer,yes,EUR

